<?xml version="1.0" encoding="UTF-8" standalone="yes"?>
<addon id="service.osmc.screenreader"
       name="OSMC Screen Reader"
       version="0.9"
       provider-name="Rick Phillips (ruuk), pvagner, zjoasan">
  <requires>
    <import addon="xbmc.python" version="3.0.0"/>
  </requires>
  <extension point="xbmc.service" library="main.py" start="login"></extension>
  <extension point="xbmc.addon.metadata">
    <summary lang="en">Text to speech for OSMC</summary>
    <description lang="en">Text to speech for OSMC</description>
    <platform>all</platform>
    <license>GNU GENERAL PUBLIC LICENSE. Version 2, June 1991</license>
    <forum></forum>
    <source>https://github.com/zjoasan/service.osmc.screenreader</source>
	<website></website>
  </extension>
</addon>
