﻿<?xml version="1.0" encoding="UTF-8" standalone="yes"?>
<addon id="plugin.program.OSMC_pw_restore" name="Password restore for osmc user" version="0.0.2" provider-name="Zjoasan">
    <requires>
        <import addon="xbmc.python" version="3.0.0"/>
    </requires>
    <extension point="xbmc.python.script" library="addon.py">
        <provides>executable</provides>
    </extension>
    <extension point="xbmc.addon.metadata">
        <language/>
        <platform>linux</platform>
        <disclaimer>For Kodi linux (tested on OSMC final)</disclaimer>
        <summary lang="en">Runs a system command to restore osmc users password.</summary>
        <description lang="en">Simple plugin that restores osmc user password to default, credits go to zfinken on https://discourse.osmc.tv/</description>
        <website>https://github.com/zjoasan/osmc_passwd_restore/</website>
        <email>joakim.s@webbkontakt.net</email>
    </extension>
</addon>
