<keymap>
  <global>
    <keyboard>
      <REPEAT>NotifyAll(service.xbmc.tts,REPEAT)</REPEAT>
      <EXTRA>NotifyAll(service.xbmc.tts,EXTRA)</EXTRA>
      <ITEM_EXTRA>NotifyAll(service.xbmc.tts,ITEM_EXTRA)</ITEM_EXTRA>
      <STOP>NotifyAll(service.xbmc.tts,STOP)</STOP>
      <SETTINGS>Addon.OpenSettings(service.xbmc.tts)</SETTINGS>
      <DISABLE>RunScript(special://{SPECIAL}/addons/service.xbmc.tts/enabler.py)</DISABLE>
      <VOL_UP>NotifyAll(service.xbmc.tts,VOL_UP)</VOL_UP>
      <VOL_DOWN>NotifyAll(service.xbmc.tts,VOL_DOWN)</VOL_DOWN>
      <plus mod="ctrl">NotifyAll(service.xbmc.tts,VOL_UP)</plus>
      <minus mod="ctrl">NotifyAll(service.xbmc.tts,VOL_DOWN)</minus>
      <equals mod="ctrl">NotifyAll(service.xbmc.tts,VOL_UP)</equals>
    </keyboard>
  </global>
</keymap>
